DUT,GL Continuity,GH Continuity,FCCM Continuity,VIN Continuity,PHASE Continuity,SW Continuity,BOOT Continuity,VCC Continuity,PWM Continuity,PVCC Continuity,PRE_I_PVCC,PRE_I_VCC,PRE_I_VIN,PRE_I_FCCM,PRE_I_PWM,AMR_I_PVCC,AMR_I_VCC,AMR_I_VIN,AMR_I_FCCM,AMR_I_PWM,POST_I_PVCC,POST_I_VCC,POST_I_VIN,POST_I_FCCM,POST_I_PWM,DELTA_I_PVCC,DELTA_I_VCC,DELTA_I_VIN,DELTA_I_FCCM,DELTA_I_PWM,Boot_Diode_IR,Boot_SW,Boot_Diode_VF,IQ_VIN_1000F_5,IQ_VIN_1000F_5_5,IQ_VIN_1000F_6,IQ_Ratio_5V_6V,SW_PF00,SW_PF01,SW_PF11,SW_PF10,SW_PFx1,SW_PFx0,SW_PF1x,SW_PF0x,SW_PF00,IQ_PFxx_VCC,IQ_PFxx_PVCC,IQ_PFxx_VIN,IQ_PFx0_VCC,IQ_PFx0_PVCC,IQ_PFx0_VIN,IQ_PFx1_VCC,IQ_PFx1_PVCC,IQ_PFx1_VIN,IQ_PF11_VCC,IQ_PF11_PVCC,IQ_PF11_VIN,IQ_PF10_VCC,IQ_PF10_PVCC,IQ_PF10_VIN,IQ_PF01_VCC,IQ_PF01_PVCC,IQ_PF01_VIN,I_PWM_Hi,I_PWM_Lo,PWM_Tri_Lo,PWM_VIH,PWM_Tri_Hi,PWM_VIL,FCCM_float,FCCM_Tri_Lo,FCCM_Tri_Hi,FCCM_VIH,FCCM_VIL,I_FCCM_Hi,I_FCCM_Lo,UVLO_Up,UVLO_Dn,UVLO_hys,LdrvSource,LdrvSink,HdrvSource,HdrvSink,HS_Vgsth,HSFET_VSD,HSFET_IDSS,HSFET_IDON,HSFET_RDSON,LS_Vgsth,LSFET_VSD,LSFET_IDSS,LSFET_IDON,LSFET_RDSON,Tr_gh,Tf_gh,Td_deadon,Tpd_plghl,Tpd_phghh,Tpd_tsghh,Tr_gl,Tf_gl,Tpd_phgll,Tpd_tsglh,Td_holdoff,Tpd_flgll,Tpd_fhglh,Tps_exit,Td_por,Tdeadoff,Tdeadon,POST_I_PVCC,POST_I_VCC,POST_I_VIN,POST_I_FCCM,POST_I_PWM,DELTA_I_PVCC,DELTA_I_VCC,DELTA_I_VIN,DELTA_I_FCCM,DELTA_I_PWM,Dummy,GL Continuity,GH Continuity,FCCM Continuity,VIN Continuity,PHASE Continuity,SW Continuity,BOOT Continuity,VCC Continuity,PWM Continuity,PVCC Continuity,PRE_I_PVCC,PRE_I_VCC,PRE_I_VIN,PRE_I_FCCM,PRE_I_PWM,AMR_I_PVCC,AMR_I_VCC,AMR_I_VIN,AMR_I_FCCM,AMR_I_PWM,POST_I_PVCC,POST_I_VCC,POST_I_VIN,POST_I_FCCM,POST_I_PWM,DELTA_I_PVCC,DELTA_I_VCC,DELTA_I_VIN,DELTA_I_FCCM,DELTA_I_PWM,Boot_Diode_IR,Boot_SW,Boot_Diode_VF,IQ_VIN_1000F_5,IQ_VIN_1000F_5_5,IQ_VIN_1000F_6,IQ_Ratio_5V_6V,SW_PF00,SW_PF01,SW_PF11,SW_PF10,SW_PFx1,SW_PFx0,SW_PF1x,SW_PF0x,SW_PF00,IQ_PFxx_VCC,IQ_PFxx_PVCC,IQ_PFxx_VIN,IQ_PFx0_VCC,IQ_PFx0_PVCC,IQ_PFx0_VIN,IQ_PFx1_VCC,IQ_PFx1_PVCC,IQ_PFx1_VIN,IQ_PF11_VCC,IQ_PF11_PVCC,IQ_PF11_VIN,IQ_PF10_VCC,IQ_PF10_PVCC,IQ_PF10_VIN,IQ_PF01_VCC,IQ_PF01_PVCC,IQ_PF01_VIN,I_PWM_Hi,I_PWM_Lo,PWM_Tri_Lo,PWM_VIH,PWM_Tri_Hi,PWM_VIL,FCCM_float,FCCM_Tri_Lo,FCCM_Tri_Hi,FCCM_VIH,FCCM_VIL,I_FCCM_Hi,I_FCCM_Lo,UVLO_Up,UVLO_Dn,UVLO_hys,LdrvSource,LdrvSink,HdrvSource,HdrvSink,HS_Vgsth,HSFET_VSD,HSFET_IDSS,HSFET_IDON,HSFET_RDSON,LS_Vgsth,LSFET_VSD,LSFET_IDSS,LSFET_IDON,LSFET_RDSON,Tr_gh,Tf_gh,Td_deadon,Tpd_plghl,Tpd_phghh,Tpd_tsghh,Tr_gl,Tf_gl,Tpd_phgll,Tpd_tsglh,Td_holdoff,Tpd_flgll,Tpd_fhglh,Tps_exit,Td_por,Tdeadoff,Tdeadon,POST_I_PVCC,POST_I_VCC,POST_I_VIN,POST_I_FCCM,POST_I_PWM,DELTA_I_PVCC,DELTA_I_VCC,DELTA_I_VIN,DELTA_I_FCCM,DELTA_I_PWM
1,0.223292933,0.504611814,0.25318246,0.514185308,0.79254984,0.582609807,0.301494281,0.769804807,0.702820735,0.871361092,0.875632448,0.535658201,0.821749922,0.731602522,0.664774624,0.940083266,0.368501726,0.325108047,0.955192088,0.903765381,0.68757548,0.289224179,0.910967308,0.466034614,0.488929849,0.901093659,0.456549734,0.454079033,0.058252743,0.473708394,0.738126234,0.928330935,0.513055727,0.788220495,0.444511846,0.046610322,0.787730247,0.500770348,0.054749258,0.969732556,0.515292361,0.335318423,0.341287252,0.793891705,0.409374032,0.746251376,0.604525009,0.848519876,0.399046697,0.326803764,0.004753927,0.048503044,0.569689386,0.957361392,0.125002958,0.884849709,0.356670677,0.353974916,0.41934953,0.746009124,0.706595288,0.336122582,0.303718079,0.721110756,0.232148046,0.729354347,0.99816635,0.774761829,0.424050364,0.29351809,0.686198546,0.516679197,0.064667465,0.120537281,0.185826235,0.660821095,0.837449552,0.069362641,0.054522479,0.25741812,0.017408781,0.171707016,0.223753569,0.522199561,0.285702972,0.684142495,0.54997165,0.82426698,0.939440785,0.32287468,0.616917542,0.03318023,0.247828388,0.208965978,0.688408516,0.574116214,0.205352251,0.265084229,0.261081327,0.915873516,0.864880241,0.042589513,0.191551244,0.803987613,0.672788236,0.607938588,0.490453089,0.954903499,0.859826417,0.001252066,0.838545407,0.116702516,0.922190653,0.29927962,0.798290434,0.009005261,0.199435062,0.688575964,0.062892209,0.04892673,0.656837247,0.077485921,0.889901161,0.482010135,0.66487018,0.841902067,0.145377778,0.243952286,0.575295871,0.391814373,0.626198824,0.627118226,0.149543471,0.871967576,0.426611039,0.812952076,0.062707906,0.740918664,0.149143251,0.829771572,0.39194531,0.027574066,0.313368278,0.089574187,0.882602624,0.048245731,0.797912946,0.344092279,0.200737247,0.012394793,0.798623963,0.964909538,0.440475593,0.302002893,0.256345339,0.316728195,0.795636619,0.38239936,0.000891368,0.555191418,0.92223854,0.506488846,0.902714038,0.957074558,0.768031763,0.409755152,0.828598894,0.34172654,0.045459324,0.376854512,0.982101521,0.24680062,0.719633329,0.755859024,0.156221134,0.66045175,0.799700462,0.879386353,0.240385748,0.54029789,0.579944362,0.815328046,0.026477643,0.414220567,0.798086511,0.127284169,0.955854439,0.985562034,0.171016003,0.362870129,0.102576152,0.84248924,0.981174705,0.117686087,0.545836722,0.272069169,0.626326921,0.920766949,0.963153439,0.846026511,0.312110405,0.405659748,0.059192588,0.832119991,0.671382003,0.052392125,0.426915315,0.993028422,0.458363301,0.27374807,0.371801999,0.757123159,0.739475427,0.209084969,0.11236655,0.387195431,0.736886881,0.233685095,0.191008781,0.165445131,0.305392499,0.062559065,0.315957139,0.819716182,0.812671012,0.108549288,0.947981697,0.134602619,0.633646288,0.388151889,0.975534679,0.072125383,0.173719246,0.039305676,0.928075825,0.120042247,0.203777154,0.492425556,0.759169208,0.681006408,0.023500169,0.808920857,0.110747107
2,0.782898701,0.37962942,0.716767053,0.989169066,0.432637953,0.988523007,0.840304174,0.207592973,0.705900691,0.92240962,0.634030233,0.316332742,0.596553098,0.161811637,0.958846086,0.989699938,0.035055558,0.508109893,0.031177175,0.556095014,0.031731639,0.045348451,0.05126986,0.62865797,0.774879285,0.383855638,0.725661102,0.706371326,0.723991964,0.218567273,0.437961892,0.196316933,0.419518806,0.352944068,0.121415529,0.40307732,0.792484185,0.401451398,0.041572957,0.633132553,0.051088621,0.47360947,0.398263358,0.241010942,0.681962728,0.777293916,0.978232154,0.988710479,0.94204212,0.065964604,0.166376469,0.628181087,0.104504519,0.56199599,0.922493756,0.724479357,0.705320812,0.049396218,0.583920137,0.665796445,0.606833708,0.472581206,0.71356254,0.043678576,0.955928583,0.635006417,0.7188104,0.170032314,0.922044038,0.696760022,0.975113419,0.203887847,0.581890309,0.811576192,0.702809974,0.682524662,0.846897417,0.016716276,0.202416972,0.587748784,0.04618009,0.79923138,0.017173508,0.74702675,0.569460106,0.359648586,0.788248269,0.5460254,0.411929797,0.15000673,0.699439838,0.032737149,0.314818467,0.291958584,0.619424249,0.325065808,0.383572638,0.693382493,0.18510813,0.952265111,0.699126667,0.906218332,0.464765488,0.314067549,0.252565367,0.908716559,0.717725829,0.07366834,0.240202668,0.410740178,0.068212841,0.643341378,0.644116452,0.012944883,0.09106899,0.28001974,0.123811547,0.449299563,0.556309755,0.530361399,0.476381162,0.111979,0.877095614,0.542255724,0.12162051,0.634271137,0.321189637,0.494164295,0.514016331,0.964278528,0.422351923,0.327949395,0.007456405,0.899876638,0.930669242,0.030263643,0.757066941,0.770169464,0.119957593,0.589630558,0.903277669,0.82137933,0.701686277,0.917686396,0.447844973,0.948320828,0.753937964,0.100801643,0.960010702,0.542391433,0.367097152,0.826607712,0.780770045,0.528963423,0.418177175,0.117307209,0.768983305,0.699176871,0.034183002,0.799903204,0.728558963,0.089537312,0.49408252,0.24133375,0.844150525,0.116642648,0.244812516,0.475387168,0.470244634,0.741304199,0.23897029,0.757184155,0.903525324,0.155388493,0.735574438,0.623076125,0.845071603,0.583760716,0.777966538,0.772737239,0.993949656,0.233006047,0.674261751,0.262062654,0.164420514,0.403107438,0.93188131,0.788738416,0.005881301,0.509728554,0.784165152,0.58169569,0.063308313,0.770128026,0.872327189,0.995824807,0.296742794,0.181445718,0.05548421,0.993812974,0.252728854,0.004919235,0.724015844,0.410600733,0.115337853,0.454203511,0.19453871,0.575084578,0.584329416,0.525845384,0.281338805,0.890763358,0.646803237,0.953738918,0.660255316,0.296970313,0.336879563,0.954844338,0.781298757,0.854622315,0.540023431,0.859682393,0.576011099,0.894457624,0.027248937,0.775897461,0.785671682,0.811365521,0.588245623,0.27181828,0.28499019,0.843018575,0.901853822,0.872393188,0.360591211,0.579524814,0.001496253,0.371821065,0.744439393,0.839729861,0.854601633,0.956826216,0.563174475
3,0.51782171,0.26725035,0.96579431,0.972703646,0.150220319,0.081356717,0.625731143,0.900248306,0.854746222,0.618191969,0.438988407,0.205843847,0.296738556,0.76278479,0.853531856,0.994059201,0.41842954,0.876122672,0.831318879,0.328773237,0.376617993,0.504515527,0.214341622,0.342389982,0.426998197,0.781834681,0.857052888,0.419131081,0.401923219,0.921698093,0.26361435,0.460153088,0.556012034,0.053949794,0.883725081,0.226573296,0.23086884,0.034427807,0.479852463,0.690970355,0.0460027,0.686506954,0.455227847,0.411217957,0.806856392,0.771940268,0.403229143,0.660388072,0.986382839,0.881035377,0.296385799,0.350878014,0.567413945,0.428200186,0.089114987,0.188758955,0.605934438,0.565403212,0.370169191,0.48065324,0.294638315,0.483222586,0.138891963,0.282480917,0.57090671,0.617316587,0.697813313,0.851368155,0.577390893,0.964193225,0.849389562,0.724420953,0.508269579,0.20371968,0.815759077,0.703135427,0.441537434,0.350502046,0.73735803,0.190213269,0.3946742,0.293243145,0.952577279,0.72686756,0.288795196,0.227549177,0.639766829,0.375457158,0.645455324,0.903886392,0.524286961,0.935007542,0.696771145,0.37377094,0.426584005,0.807660825,0.553448334,0.152692841,0.740355004,0.699920332,0.976598138,0.860852398,0.980708065,0.669766748,0.153251186,0.66497811,0.489436471,0.883153992,0.270128971,0.114992955,0.79173321,0.507271206,0.418973503,0.365940939,0.370726761,0.836294515,0.186543732,0.259477481,0.571807939,0.725510304,0.902238907,0.28447339,0.529884385,0.96528937,0.817535357,0.72986584,0.233146264,0.90207565,0.295279366,0.519031135,0.30008041,0.492440479,0.203961347,0.911136218,0.09411542,0.861931688,0.146813536,0.136286047,0.725273505,0.726012495,0.379063239,0.458376507,0.144780742,0.992920533,0.796458837,0.398237943,0.244995156,0.696011427,0.696486575,0.37427427,0.496246688,0.371577426,0.424559427,0.296427861,0.919515728,0.512639502,0.282909593,0.867072281,0.808207678,0.960434939,0.014883014,0.362219306,0.612445653,0.743851523,0.198003596,0.215038347,0.524116713,0.601746097,0.22186508,0.051832696,0.910215379,0.907126822,0.737664259,0.543798666,0.299157783,0.489556663,0.9942079,0.415449021,0.765952033,0.642336355,0.298185254,0.631904596,0.517192869,0.802370808,0.246477995,0.614879761,0.336236984,0.000238106,0.347845468,0.123779958,0.651710104,0.383393352,0.373779125,0.26731087,0.207405082,0.055837548,0.801957821,0.577400349,0.231219422,0.203686633,0.521188243,0.925855512,0.5073321,0.344470926,0.015875797,0.321241694,0.373782186,0.073301807,0.763884378,0.77920086,0.533401343,0.996112053,0.925070164,0.775138419,0.974325866,0.480780897,0.363595943,0.118773038,0.756815865,0.76995796,0.989179882,0.384664681,0.664969329,0.680432656,0.381370939,0.297153962,0.136384892,0.024819317,0.688739402,0.760711039,0.902249963,0.843600196,0.184252244,0.04618853,0.817644379,0.64812753,0.68713671,0.83238029,0.690584839,0.311469143,0.235191332,0.899364286,0.158660682
4,0.983214094,0.674902683,0.283520093,0.433974596,0.114711457,0.722914324,0.477254323,0.801550547,0.276283483,0.610429721,0.353989831,0.406641546,0.131445624,0.317280987,0.512273699,0.7848535,0.160593053,0.601571232,0.251241107,0.170538918,0.859681819,0.089784599,0.314372053,0.204229317,0.337761325,0.051925548,0.435530676,0.999568063,0.459615316,0.375750816,0.891588813,0.005381911,0.788641599,0.698605483,0.159937756,0.893621187,0.518108657,0.749951943,0.379684075,0.57555905,0.640804058,0.192586005,0.823144686,0.863524679,0.211045244,0.61355473,0.674925787,0.565291234,0.944863616,0.385163424,0.907258352,0.70175547,0.108493813,0.605805385,0.989413097,0.453807533,0.601012352,0.749378427,0.397554145,0.63441152,0.455660496,0.698937448,0.308940353,0.237025336,0.743726511,0.053058765,0.576234983,0.667736165,0.650413954,0.878121279,0.237045706,0.318734266,0.821076048,0.628511498,0.41630658,0.286845199,0.649519006,0.353374092,0.766387987,0.928033247,0.185022953,0.668573167,0.932665629,0.010469106,0.104600791,0.030224519,0.744537204,0.937060874,0.837250557,0.84333218,0.61782092,0.592539428,0.32741339,0.500736538,0.838475381,0.233671459,0.356779662,0.454965056,0.641260426,0.9291735,0.749188033,0.640933446,0.106547765,0.740035769,0.696248156,0.855112574,0.799892355,0.359941754,0.220757265,0.560830593,0.483398549,0.223899246,0.179627915,0.15723671,0.222793028,0.959896556,0.164694549,0.120202917,0.621953138,0.32246655,0.956138554,0.716546158,0.510900283,0.885921332,0.359772804,0.540181062,0.840398856,0.051897666,0.825573805,0.326616261,0.701385025,0.008512009,0.962957066,0.255536333,0.988500363,0.923318123,0.123319796,0.600851794,0.86553666,0.905794193,0.858909616,0.060281253,0.380012789,0.32254896,0.803682754,0.527811574,0.499638725,0.765654565,0.637792285,0.61154989,0.807443937,0.01442812,0.142357253,0.186768833,0.649670835,0.941447009,0.902881387,0.116113061,0.656435507,0.376323379,0.473529822,0.014768466,0.409119663,0.862274347,0.217505949,0.886111252,0.654288473,0.196119337,0.662234642,0.734294809,0.992951948,0.078468732,0.125284235,0.404683637,0.213788603,0.868070695,0.052420706,0.443859504,0.882176638,0.970160127,0.019504782,0.053243672,0.453032941,0.088887881,0.012221961,0.022179138,0.494518825,0.516757381,0.098844455,0.922376003,0.515272886,0.001397895,0.526157019,0.308257704,0.704840306,0.690221608,0.701739046,0.021261347,0.0906765,0.388147408,0.087081175,0.990192889,0.248880099,0.293018441,0.765777358,0.103609763,0.070550763,0.536215036,0.346035031,0.567189382,0.64996621,0.246737903,0.124443578,0.674665186,0.498430077,0.203606853,0.573245928,0.019096259,0.368198563,0.648653536,0.508025658,0.963173052,0.825145017,0.907056188,0.035502863,0.081894548,0.707477013,0.583052597,0.348783497,0.608429327,0.334429063,0.940998539,0.959141309,0.613984874,0.357668057,0.088144236,0.745880787,0.607014924,0.87563325,0.965445583,0.478504026,0.148866451,0.037415233
5,0.879436576,0.738537783,0.872186344,0.521571851,0.904357393,0.674363894,0.476378654,0.897200166,0.659663855,0.369751201,0.997408163,0.394919769,0.106178399,0.864901537,0.497734181,0.201949733,0.933385946,0.888317844,0.586957429,0.004813988,0.44282994,0.523450545,0.497218654,0.116182124,0.05049948,0.6842556,0.741057424,0.429573643,0.15302285,0.830993407,0.406945337,0.346587605,0.217914821,0.900666096,0.490430572,0.345533514,0.194166002,0.886381291,0.881678235,0.229292952,0.724268269,0.435922057,0.134471277,0.27152463,0.755372022,0.984402563,0.227726983,0.8385186,0.268431715,0.531938049,0.017025901,0.314172258,0.144109511,0.073574602,0.17090803,0.152529209,0.960256503,0.603654879,0.505165083,0.21226394,0.533624758,0.675266954,0.606743001,0.893356166,0.397718569,0.801666483,0.023699382,0.957017793,0.673797352,0.381852553,0.457820888,0.213096934,0.9483599,0.445861714,0.377237688,0.353383552,0.614952316,0.042253248,0.662572613,0.388504802,0.515061618,0.407134073,0.011794415,0.611494585,0.267912509,0.432991971,0.605889696,0.987325295,0.925671714,0.988004126,0.110313275,0.289529352,0.92738294,0.380799019,0.168403864,0.605482067,0.728502441,0.431723162,0.878318558,0.456886106,0.436073644,0.79163865,0.509367822,0.402062523,0.681604544,0.59596466,0.421776749,0.863538884,0.792369579,0.461703865,0.850938491,0.922930987,0.218705272,0.458971643,0.756255688,0.241053534,0.850449641,0.379630637,0.634004809,0.750784491,0.015784764,0.961651323,0.799957176,0.98193104,0.660853279,0.812350781,0.950490081,0.719552612,0.521554267,0.938455845,0.41818117,0.192988444,0.299551651,0.845429643,0.851655485,0.346553392,0.126558643,0.552605119,0.852997324,0.877959137,0.044923219,0.590398815,0.100987221,0.87321427,0.175177666,0.681961269,0.545117073,0.118125378,0.722018799,0.479267217,0.882845561,0.245486476,0.005962441,0.827672558,0.445265152,0.268134496,0.014806168,0.500487688,0.180582731,0.384474578,0.55845738,0.604981746,0.738382446,0.559425414,0.226342136,0.037996952,0.20383382,0.942030804,0.227792456,0.422449755,0.884574153,0.548266449,0.003420591,0.92479998,0.598589868,0.671089718,0.067173702,0.998037509,0.25129506,0.430655326,0.879106757,0.743744462,0.6171599,0.762865338,0.549282203,0.016334534,0.013550798,0.618254695,0.759149202,0.60620154,0.391098585,0.401484314,0.492030234,0.43512953,0.376515168,0.299816807,0.021480617,0.164492953,0.32073559,0.202221731,0.540461106,0.779874494,0.421603711,0.714058256,0.062979587,0.785329609,0.045264469,0.908322636,0.317872929,0.937081282,0.073581216,0.112988286,0.821943663,0.038336796,0.879086898,0.943868944,0.163892488,0.116230328,0.470163352,0.339897392,0.761732822,0.80640401,0.931216366,0.351953397,0.630867037,0.087207251,0.132613345,0.777174166,0.444846415,0.193200265,0.195476598,0.594754518,0.740574187,0.549036381,0.068115906,0.162737538,0.871233278,0.338661611,0.54922531,0.930517046,0.946525647,0.867733199,0.407096868
6,0.480009387,0.919878699,0.000535181,0.98767162,0.707882692,0.937374155,0.163792036,0.059066294,0.848440115,0.982920072,0.452867396,0.165180976,0.554962959,0.237016268,0.87672069,0.84704395,0.398458087,0.613578901,0.639529624,0.783763148,0.571202766,0.613795087,0.045108898,0.849339138,0.623230471,0.499557989,0.636567175,0.547903285,0.78487014,0.56458794,0.754995606,0.5122027,0.661435902,0.183939527,0.52120332,0.572018407,0.645141395,0.510193312,0.95019094,0.204336868,0.58449382,0.548455419,0.427797005,0.331385444,0.884501,0.354458906,0.507192713,0.311397652,0.922866117,0.417529645,0.63545795,0.365264945,0.704306195,0.493408436,0.233804469,0.29997482,0.199715445,0.388252396,0.335727866,0.029206654,0.520972998,0.30498246,0.82870096,0.503779074,0.227983822,0.729023885,0.701771301,0.18068311,0.609830317,0.37089964,0.882037973,0.600697094,0.707057954,0.650927574,0.044951056,0.087003324,0.229277377,0.084951494,0.310288773,0.30353275,0.767606465,0.992682269,0.877242437,0.66318052,0.901451809,0.354288183,0.603482965,0.405668754,0.335442344,0.186428865,0.67753049,0.794108657,0.358473504,0.805048223,0.02177361,0.13646752,0.842245935,0.60382997,0.445037247,0.952601669,0.648870623,0.676271613,0.704823109,0.644839783,0.512652576,0.616883935,0.211067352,0.163105894,0.355131654,0.701356757,0.203564411,0.355551155,0.062390397,0.511203031,0.207310507,0.228026849,0.438916009,0.009114351,0.044415804,0.496171338,0.021952663,0.549880335,0.81132624,0.833216724,0.013646799,0.354079699,0.14641511,0.813251981,0.892344555,0.190926158,0.504734117,0.088840517,0.836378702,0.562976162,0.964242183,0.341979866,0.684717678,0.711115626,0.373862285,0.576057143,0.938014913,0.965202919,0.23680528,0.61614012,0.893913989,0.648651829,0.024612201,0.641835355,0.995191814,0.40864361,0.093679586,0.874805335,0.654051979,0.439076302,0.113191057,0.030226259,0.785947263,0.954245777,0.328641561,0.067224267,0.307904713,0.321018759,0.888315537,0.117696177,0.457723353,0.137707525,0.630806986,0.001187001,0.311007435,0.973887656,0.867489281,0.394372825,0.552011516,0.495757491,0.014035387,0.308241632,0.750327394,0.030439948,0.229109279,0.378689878,0.569782376,0.598648457,0.467196614,0.672216321,0.24923518,0.801586082,0.125930418,0.7289344,0.488659985,0.802826702,0.934694644,0.774007486,0.810955111,0.866020782,0.663902478,0.245332459,0.760303463,0.008229866,0.901475332,0.625314537,0.550272314,0.111508066,0.529775478,0.834611017,0.382535486,0.737655947,0.994000634,0.355833018,0.217324654,0.159894519,0.401376751,0.850991744,0.219382397,0.329353201,0.548913604,0.087596203,0.28919851,0.132220416,0.672369114,0.287934782,0.718375137,0.495048838,0.793113098,0.655965882,0.883921481,0.416629923,0.690142879,0.62550532,0.489096868,0.900158286,0.030632565,0.422797091,0.698800634,0.207935996,0.988460399,0.402558807,0.93087737,0.939543936,0.805415914,0.118403167,0.012688893,0.837338839,0.380044288
7,0.23894056,0.446116119,0.731423073,0.40513945,0.904681913,0.813214451,0.22999481,0.117240343,0.753819879,0.037604423,0.14385287,0.723118509,0.532486092,0.539834459,0.557134254,0.450729363,0.609719259,0.894564089,0.393162526,0.568259184,0.476359386,0.753077168,0.973955751,0.700886106,0.964714794,0.728541403,0.710067463,0.76900063,0.128919531,0.520581243,0.94528481,0.026868662,0.562829147,0.476957487,0.564121691,0.965797945,0.936970131,0.411604191,0.645672562,0.263618296,0.280011674,0.863934146,0.190539184,0.846862615,0.714409236,0.208691172,0.556514814,0.139234942,0.321457959,0.874778722,0.253694771,0.085613128,0.565080209,0.437872511,0.664726846,0.900219979,0.500963142,0.385044094,0.572426373,0.628168668,0.070386471,0.708197315,0.409753279,0.864879699,0.709455632,0.811038562,0.202804632,0.100943671,0.480985314,0.970436363,0.629436482,0.892791227,0.261265046,0.880037323,0.245627162,0.824590053,0.995984821,0.624211932,0.653220721,0.510749743,0.828578125,0.58453054,0.208396658,0.375173722,0.674269002,0.924174795,0.151473525,0.543157207,0.220935812,0.777150462,0.147796613,0.203137002,0.449438316,0.808735127,0.749752737,0.575326456,0.061435318,0.458042719,0.699561364,0.702860122,0.924261015,0.546832077,0.307757126,0.096672614,0.480093245,0.860441122,0.432535898,0.965367815,0.181381065,0.362271878,0.765086695,0.185586353,0.699534033,0.0745844,0.412343208,0.21082763,0.689707867,0.999802295,0.444256766,0.70011184,0.063866757,0.548200304,0.262730408,0.13635969,0.348104749,0.01901017,0.657997029,0.526813603,0.423214416,0.499842114,0.238539935,0.974912692,0.547930847,0.393260341,0.385953541,0.803923898,0.48020714,0.031909031,0.926388716,0.963964995,0.875100324,0.631392657,0.051306551,0.157327055,0.053053297,0.035964651,0.531989852,0.168404789,0.723728242,0.708963272,0.10989114,0.467941959,0.814540684,0.333780426,0.990713728,0.802727872,0.609840273,0.048041835,0.860089033,0.125513468,0.840980993,0.240679415,0.832162392,0.168576616,0.914497943,0.669252761,0.428653453,0.334520937,0.065360257,0.546289366,0.131656324,0.748165745,0.438057578,0.49960065,0.539960301,0.778813131,0.950729122,0.184582113,0.232824217,0.988067757,0.747870595,0.749244692,0.366294564,0.206909587,0.158539995,0.557870668,0.410313922,0.717085474,0.963570073,0.390913075,0.966357874,0.709501072,0.532065502,0.852878012,0.53370582,0.140745261,0.452712868,0.137514221,0.697290898,0.596198129,0.65287627,0.350555908,0.217254699,0.589280583,0.064868337,0.689112465,0.363762789,0.289857357,0.564595253,0.047231407,0.164920365,0.813195498,0.23092999,0.015366527,0.166740029,0.238667273,0.387015257,0.065390004,0.956743451,0.611425624,0.898924577,0.435249196,0.801505136,0.360869089,0.542253725,0.948870274,0.848366093,0.129760252,0.062905312,0.178958233,0.573097005,0.126466171,0.583089201,0.880845046,0.753005094,0.822082922,0.537440419,0.893367404,0.985877619,0.863441407,0.540028371,0.309144564,0.065861264
8,0.845506081,0.300303477,0.057101147,0.158288266,0.459459095,0.315522386,0.514281801,0.802911836,0.871878119,0.02509258,0.825991641,0.1159856,0.359321049,0.080314819,0.521200146,0.639825005,0.010457524,0.312182399,0.707251562,0.736644246,0.922234275,0.237840597,0.704318504,0.378867307,0.418323735,0.834731982,0.728368832,0.305790932,0.666365909,0.150738116,0.974921538,0.23559532,0.475564698,0.151911853,0.079819985,0.605822826,0.737027127,0.67090659,0.477694577,0.262115634,0.431153869,0.354445891,0.93168865,0.820163414,0.510235755,0.206655005,0.123313371,0.419649188,0.11680622,0.85283596,0.984061226,0.945821499,0.8014538,0.622033032,0.346458004,0.183428951,0.405952486,0.667993207,0.710762577,0.512289922,0.161236054,0.819510371,0.92316653,0.046313552,0.690053005,0.077612324,0.728790519,0.374457517,0.340193621,0.830138513,0.742159308,0.744359501,0.848162654,0.490452751,0.441964289,0.143964031,0.165223446,0.471489189,0.009580059,0.664081238,0.7396172,0.620584064,0.075206571,0.945390322,0.776781177,0.571639162,0.093836626,0.612739439,0.124371344,0.845544006,0.97768644,0.964046462,0.205816406,0.002903879,0.935056601,0.993673995,0.892133986,0.366988772,0.262746782,0.589624447,0.510906439,0.825322383,0.262253181,0.207506068,0.406452846,0.275767326,0.705994877,0.418346976,0.000342386,0.235994225,0.188375594,0.681253195,0.825360931,0.042012445,0.606804026,0.781988656,0.762795673,0.762370488,0.400882965,0.430101275,0.736393685,0.175869191,0.909892965,0.205423245,0.947987004,0.071735137,0.854766225,0.880171748,0.028991424,0.432301436,0.664464997,0.647825506,0.798081792,0.374763847,0.962377884,0.882414871,0.370959038,0.538355745,0.720219613,0.403252711,0.299336171,0.227108968,0.683079316,0.897049137,0.081593294,0.405622186,0.460063394,0.12936276,0.385206909,0.492668577,0.607933272,0.375494401,0.579204772,0.264752398,0.198796119,0.832644985,0.713090066,0.999220357,0.460904408,0.960174602,0.291199828,0.578625716,0.179354021,0.542254653,0.453328557,0.627409614,0.458870093,0.120978568,0.652646652,0.037651283,0.797065503,0.42908145,0.869881911,0.522473489,0.889197957,0.182441393,0.700480264,0.119847301,0.029404729,0.685468509,0.589005018,0.885236023,0.932301112,0.488227311,0.053961474,0.602086753,0.679361769,0.490269981,0.097268602,0.301935864,0.150503765,0.664492736,0.284699011,0.988585795,0.82174875,0.022425301,0.255700287,0.433181022,0.802204612,0.635754772,0.138464159,0.350305298,0.888804019,0.470099627,0.729379555,0.798849438,0.525952369,0.658886354,0.615547603,0.404424604,0.188783816,0.474790413,0.972764717,0.521310839,0.879654634,0.772603133,0.512973177,0.634007206,0.83663622,0.011782519,0.522733683,0.619291052,0.31358015,0.357974195,0.40725404,0.667245304,0.812772454,0.11892139,0.35343755,0.214318718,0.851587865,0.226874014,0.884467013,0.069035209,0.307293217,0.647786012,0.881790166,0.720767458,0.583219039,0.635413064,0.192115679,0.024446128,0.047937951
9,0.793891833,0.429295848,0.940312455,0.399320988,0.22300613,0.621344876,0.660223156,0.771078451,0.776263896,0.295245073,0.429448951,0.754045805,0.69628838,0.657914787,0.501058691,0.399542942,0.004259171,0.331673432,0.746758761,0.65605724,0.235052205,0.567108728,0.730745985,0.830388764,0.112946332,0.040338437,0.005582337,0.823551842,0.785833156,0.20251876,0.883401091,0.709714204,0.251107671,0.613391305,0.565508622,0.965878972,0.428674214,0.958258696,0.900756514,0.464549749,0.085190889,0.457812411,0.215745219,0.778731993,0.600244675,0.091065415,0.401840345,0.570870342,0.926029654,0.759196959,0.60601159,0.65638559,0.371769103,0.767213902,0.50447162,0.725360314,0.130146595,0.424205875,0.486832872,0.307974619,0.613570198,0.158421403,0.42099545,0.729670297,0.977730768,0.30587473,0.806390056,0.949053753,0.73732084,0.541770697,0.501554856,0.335995642,0.698525887,0.373683055,0.887096755,0.425405455,0.226278826,0.630172977,0.151341887,0.179862455,0.684465769,0.597297062,0.648322761,0.844300756,0.312668709,0.170977612,0.440463749,0.310540664,0.963501018,0.745687591,0.852785343,0.28497501,0.727918369,0.456927646,0.776310225,0.190540596,0.313594796,0.256431267,0.791974807,0.992567869,0.670521369,0.591516246,0.003069483,0.541093149,0.765503788,0.568219549,0.231321896,0.268754226,0.004852888,0.703238563,0.539319264,0.363834321,0.010561285,0.898353721,0.523678279,0.470703992,0.58350941,0.770769505,0.09181196,0.666763948,0.973058339,0.991913061,0.076793934,0.785841393,0.334549616,0.335676835,0.490841968,0.616288113,0.853929531,0.394819518,0.960990624,0.571098051,0.879855656,0.617714878,0.78762287,0.338756839,0.496853362,0.319653013,0.35063417,0.140802199,0.663743911,0.614352246,0.131689088,0.810486541,0.319381663,0.344625143,0.208022873,0.694139701,0.174674216,0.819990655,0.417496487,0.855267102,0.671662067,0.68469848,0.904240615,0.325443328,0.899538746,0.733266261,0.539121157,0.074780189,0.379213696,0.980501825,0.501455128,0.414389463,0.615855599,0.427376072,0.146719568,0.32293679,0.792912872,0.69057416,0.314863665,0.408796454,0.577398179,0.453284254,0.686645412,0.639862381,0.918802388,0.45905847,0.43661552,0.202151645,0.392585145,0.326648655,0.27247065,0.293962193,0.970575471,0.483775507,0.358622832,0.885186218,0.665851191,0.424823832,0.26310202,0.381789319,0.857470911,0.733913274,0.939052071,0.521197436,0.289362522,0.255882186,0.363182304,0.076963771,0.714946219,0.985779505,0.641757528,0.131626089,0.722822953,0.28785472,0.552998535,0.927743743,0.249058427,0.308295095,0.525217881,0.355050183,0.659443231,0.088216442,0.970542777,0.323176784,0.122420874,0.488875813,0.872807917,0.034067799,0.375968337,0.695810756,0.282009371,0.667670807,0.905726354,0.78441224,0.146359644,0.031146327,0.532076785,0.220682542,0.596422563,0.299364539,0.105197908,0.864038903,0.456927663,0.621570821,0.988210539,0.451853072,0.529033654,0.01346913,0.922175424,0.279426598,0.941340626
10,0.590560569,0.940284042,0.516564928,0.052615652,0.674069329,0.667581542,0.991139914,0.174305363,0.77170266,0.473459148,0.553277345,0.580896205,0.902068017,0.652635831,0.235549076,0.689621999,0.146120174,0.458698429,0.330541647,0.814686966,0.646543297,0.89571715,0.497014642,0.286034363,0.418928852,0.71818851,0.5238498,0.649648509,0.090230341,0.878623977,0.69977855,0.259694153,0.825028226,0.963929624,0.790749242,0.511620483,0.879495465,0.012411009,0.40762249,0.357245414,0.600482073,0.89199315,0.668102962,0.935768565,0.015314153,0.492759149,0.337800678,0.556288552,0.021184965,0.032107913,0.853606419,0.466603614,0.775086141,0.639933102,0.881264532,0.329810804,0.896195697,0.986602718,0.454672343,0.143101313,0.172743409,0.117408487,0.653323491,0.783983781,0.062645941,0.595048158,0.605767593,0.568469604,0.415519462,0.254862,0.015707259,0.345385261,0.042582783,0.777332959,0.513470315,0.484156071,0.458445306,0.119060708,0.377208767,0.21750769,0.498482648,0.539012549,0.188052597,0.941768338,0.735953496,0.488691553,0.452000979,0.538242255,0.048733854,0.022662667,0.472115424,0.66946906,0.12656784,0.488641878,0.53445407,0.136933111,0.619361083,0.962585217,0.03322834,0.064606791,0.70570489,0.252596516,0.793011003,0.89160911,0.501639643,0.157382411,0.85282549,0.109144864,0.872750913,0.597938449,0.588612229,0.893901694,0.232472659,0.65543564,0.477791393,0.974846276,0.071777488,0.75261893,0.845974422,0.708692746,0.088617447,0.986632222,0.175467698,0.302514665,0.597614485,0.649143295,0.103071684,0.478854688,0.305113929,0.45157237,0.023135337,0.587176163,0.064861279,0.593446431,0.518174207,0.785209609,0.316453162,0.016609092,0.224999305,0.355328019,0.139112444,0.528560121,0.167399013,0.342554164,0.402331221,0.879233666,0.689896241,0.708563372,0.6616856,0.809035717,0.12455908,0.824855437,0.931092013,0.21829095,0.931340983,0.608966584,0.599633303,0.164151832,0.133471974,0.899220056,0.395340443,0.76928869,0.578874654,0.301695298,0.943970825,0.707530783,0.559019399,0.616663507,0.003047877,0.933134039,0.73948261,0.8619135,0.475022589,0.507988811,0.459078637,0.412309319,0.696781446,0.616823667,0.325698488,0.648555584,0.955174408,0.89264526,0.305696065,0.432395975,0.192062286,0.837020736,0.970059951,0.067256575,0.662699279,0.286225899,0.710323913,0.05228261,0.496391809,0.535666072,0.601249566,0.364523303,0.632878328,0.063949287,0.210303326,0.331797758,0.525938308,0.169785641,0.578360748,0.731715952,0.309299614,0.617237105,0.864557899,0.052682082,0.492938699,0.464509732,0.65561759,0.846808978,0.100606769,0.429153148,0.941675455,0.178056773,0.43811899,0.577800443,0.229759738,0.938316992,0.711316177,0.551590629,0.25857256,0.683282046,0.644549197,0.748139622,0.324007691,0.618362181,0.913941202,0.408027292,0.245542467,0.637838027,0.233081062,0.14877754,0.292996369,0.454419487,0.413702088,0.885902916,0.477521613,0.419002854,0.671364581,0.206521325,0.166832622
